sample_id,class_id,class_name,species,split,sha256,path
breed-00-sample-00,0,Abyssinian,cat,train,181d0d4299958cb4511c07ee7179a7e2de1ab1152b38ef6f915c093f4862534e,C:/JeanLoa/Path-AI-Engineer/Computer-Vision-Multimodal-AI-Edge-Optimization/19-image-classification-api/data/samples/breed-00-sample-00.png
breed-00-sample-01,0,Abyssinian,cat,train,6c0b90380e7d1205e4de6073ffce39afe43ff04bdef984a7aea92c87fab411ae,C:/JeanLoa/Path-AI-Engineer/Computer-Vision-Multimodal-AI-Edge-Optimization/19-image-classification-api/data/samples/breed-00-sample-01.png
breed-00-sample-02,0,Abyssinian,cat,train,71630d71dc7b07c8ed3be0715b95c10f58acc37b683372e25d7f428e9d235084,C:/JeanLoa/Path-AI-Engineer/Computer-Vision-Multimodal-AI-Edge-Optimization/19-image-classification-api/data/samples/breed-00-sample-02.png
breed-00-sample-03,0,Abyssinian,cat,train,2a270ddb322017b946697311976146c4627b1b9d54d2087e130145d6b69ce306,C:/JeanLoa/Path-AI-Engineer/Computer-Vision-Multimodal-AI-Edge-Optimization/19-image-classification-api/data/samples/breed-00-sample-03.png
breed-00-sample-04,0,Abyssinian,cat,validation,f78baebe7800b0bc26f5a34f2e92233b957715c0019b9e976bc54c1969e06c59,C:/JeanLoa/Path-AI-Engineer/Computer-Vision-Multimodal-AI-Edge-Optimization/19-image-classification-api/data/samples/breed-00-sample-04.png
breed-00-sample-05,0,Abyssinian,cat,validation,01f63aa10961d21364ac126ecd2be9d9a03ef19372bc60a6bca0efb0582c0ec6,C:/JeanLoa/Path-AI-Engineer/Computer-Vision-Multimodal-AI-Edge-Optimization/19-image-classification-api/data/samples/breed-00-sample-05.png
breed-01-sample-00,1,American Bulldog,dog,train,3f1a072939fb73989f786d286a3104a6e4fd2c184f7d846d34a6698d42ff8d8b,C:/JeanLoa/Path-AI-Engineer/Computer-Vision-Multimodal-AI-Edge-Optimization/19-image-classification-api/data/samples/breed-01-sample-00.png
breed-01-sample-01,1,American Bulldog,dog,train,123224499c1b5c7ae55e19e53732cb08f9d879f16bd18c7e4ecdb7f2b9b3608d,C:/JeanLoa/Path-AI-Engineer/Computer-Vision-Multimodal-AI-Edge-Optimization/19-image-classification-api/data/samples/breed-01-sample-01.png
breed-01-sample-02,1,American Bulldog,dog,train,0dfd3f4b91eb2c42fef8970633f5bc46e0646dceda60f728befcf40890d2a947,C:/JeanLoa/Path-AI-Engineer/Computer-Vision-Multimodal-AI-Edge-Optimization/19-image-classification-api/data/samples/breed-01-sample-02.png
breed-01-sample-03,1,American Bulldog,dog,train,57fe42b9b323ffdf28d438f907eae2423d89cbd8c2c05a183002011bcb897483,C:/JeanLoa/Path-AI-Engineer/Computer-Vision-Multimodal-AI-Edge-Optimization/19-image-classification-api/data/samples/breed-01-sample-03.png
breed-01-sample-04,1,American Bulldog,dog,validation,78f33cf0e869d17157563374c63050db1fc9c78a9f66bcdbc4cb13a2de7b087e,C:/JeanLoa/Path-AI-Engineer/Computer-Vision-Multimodal-AI-Edge-Optimization/19-image-classification-api/data/samples/breed-01-sample-04.png
breed-01-sample-05,1,American Bulldog,dog,validation,2bd2950e094132f84b82eed9e5b7fd7f578135df53cf0811b6ab630589097ec6,C:/JeanLoa/Path-AI-Engineer/Computer-Vision-Multimodal-AI-Edge-Optimization/19-image-classification-api/data/samples/breed-01-sample-05.png
breed-02-sample-00,2,American Pit Bull Terrier,dog,train,f7dbe9cf9ff83148710e5ebd24f38cd5cfb72be481704bf1e2bef1550b4e5fb3,C:/JeanLoa/Path-AI-Engineer/Computer-Vision-Multimodal-AI-Edge-Optimization/19-image-classification-api/data/samples/breed-02-sample-00.png
breed-02-sample-01,2,American Pit Bull Terrier,dog,train,8ae6773dd11ed297104a6c523a5ab01873d474a3270e4bda0e61896c92828ff4,C:/JeanLoa/Path-AI-Engineer/Computer-Vision-Multimodal-AI-Edge-Optimization/19-image-classification-api/data/samples/breed-02-sample-01.png
breed-02-sample-02,2,American Pit Bull Terrier,dog,train,91737869fa59c611569867743877514444e2f0e9606c3c76ec1e46cefd37a183,C:/JeanLoa/Path-AI-Engineer/Computer-Vision-Multimodal-AI-Edge-Optimization/19-image-classification-api/data/samples/breed-02-sample-02.png
breed-02-sample-03,2,American Pit Bull Terrier,dog,train,79056383e7a59d8197647ce2e95d4e8e13ec11bac34f0514ff77939bde267951,C:/JeanLoa/Path-AI-Engineer/Computer-Vision-Multimodal-AI-Edge-Optimization/19-image-classification-api/data/samples/breed-02-sample-03.png
breed-02-sample-04,2,American Pit Bull Terrier,dog,validation,24f3eb10d4dcf933e972414b54ee7f32592e8efbe606a2ba09b0f783f04c93da,C:/JeanLoa/Path-AI-Engineer/Computer-Vision-Multimodal-AI-Edge-Optimization/19-image-classification-api/data/samples/breed-02-sample-04.png
breed-02-sample-05,2,American Pit Bull Terrier,dog,validation,bea51172409aceec7f08961aac845f16fcf591d6d6b0728dca3b2f94986b5aed,C:/JeanLoa/Path-AI-Engineer/Computer-Vision-Multimodal-AI-Edge-Optimization/19-image-classification-api/data/samples/breed-02-sample-05.png
breed-03-sample-00,3,Basset Hound,dog,train,a31b29a47775f7b6a6820aa873852a9f61c3eb593594345ba7e168756de05030,C:/JeanLoa/Path-AI-Engineer/Computer-Vision-Multimodal-AI-Edge-Optimization/19-image-classification-api/data/samples/breed-03-sample-00.png
breed-03-sample-01,3,Basset Hound,dog,train,3b9a44e78b9a8c396a95f269c3426562a1462bde3ef56fb50c3544c37c62fadd,C:/JeanLoa/Path-AI-Engineer/Computer-Vision-Multimodal-AI-Edge-Optimization/19-image-classification-api/data/samples/breed-03-sample-01.png
breed-03-sample-02,3,Basset Hound,dog,train,3d3e82bbcdccaed1a8185340cf0390b9ccdad48dd105267ab625eafe518da481,C:/JeanLoa/Path-AI-Engineer/Computer-Vision-Multimodal-AI-Edge-Optimization/19-image-classification-api/data/samples/breed-03-sample-02.png
breed-03-sample-03,3,Basset Hound,dog,train,ff4f7a59a92d1095b54d1525f9323843448d0aae5ccc6fc5c0278501109ca942,C:/JeanLoa/Path-AI-Engineer/Computer-Vision-Multimodal-AI-Edge-Optimization/19-image-classification-api/data/samples/breed-03-sample-03.png
breed-03-sample-04,3,Basset Hound,dog,validation,0efdf225ed4b6102764e7e06d5c2d5262618957955ee73485dbb874df8d71945,C:/JeanLoa/Path-AI-Engineer/Computer-Vision-Multimodal-AI-Edge-Optimization/19-image-classification-api/data/samples/breed-03-sample-04.png
breed-03-sample-05,3,Basset Hound,dog,validation,0bde003f3c2d2bc20b03b06e9b36a932cf41a8af9ada611fcc1549e03aad13bf,C:/JeanLoa/Path-AI-Engineer/Computer-Vision-Multimodal-AI-Edge-Optimization/19-image-classification-api/data/samples/breed-03-sample-05.png
breed-04-sample-00,4,Beagle,dog,train,4fed86eb95a670cad5c51598c3bc514bc0c2726366dc1469da07a636753cf9ff,C:/JeanLoa/Path-AI-Engineer/Computer-Vision-Multimodal-AI-Edge-Optimization/19-image-classification-api/data/samples/breed-04-sample-00.png
breed-04-sample-01,4,Beagle,dog,train,fb3bfd356981cd18b28e7a5e5d3280505cfe4370a5aae334b2fc3f871a02adb9,C:/JeanLoa/Path-AI-Engineer/Computer-Vision-Multimodal-AI-Edge-Optimization/19-image-classification-api/data/samples/breed-04-sample-01.png
breed-04-sample-02,4,Beagle,dog,train,6601f9fa42a91afd2d3b538dde5218502af04221fb4bbce190fd7391b80e363c,C:/JeanLoa/Path-AI-Engineer/Computer-Vision-Multimodal-AI-Edge-Optimization/19-image-classification-api/data/samples/breed-04-sample-02.png
breed-04-sample-03,4,Beagle,dog,train,c49409f509510dcb047330232d7dbf064b329a64a71594f899d0af3c208a7e55,C:/JeanLoa/Path-AI-Engineer/Computer-Vision-Multimodal-AI-Edge-Optimization/19-image-classification-api/data/samples/breed-04-sample-03.png
breed-04-sample-04,4,Beagle,dog,validation,de82562b087759c873cb5e0c9ca89d84dd146a954a95b9fc4dd221b72aca7bd8,C:/JeanLoa/Path-AI-Engineer/Computer-Vision-Multimodal-AI-Edge-Optimization/19-image-classification-api/data/samples/breed-04-sample-04.png
breed-04-sample-05,4,Beagle,dog,validation,2bee0c81469f4b8337c3ea76da33ddf3960e3f0a50720e73bf05b66525df2ee8,C:/JeanLoa/Path-AI-Engineer/Computer-Vision-Multimodal-AI-Edge-Optimization/19-image-classification-api/data/samples/breed-04-sample-05.png
breed-05-sample-00,5,Bengal,cat,train,68d9f18768f8cf08434c68241178687cbb9bbe8c61313573ede31c27c31c6697,C:/JeanLoa/Path-AI-Engineer/Computer-Vision-Multimodal-AI-Edge-Optimization/19-image-classification-api/data/samples/breed-05-sample-00.png
breed-05-sample-01,5,Bengal,cat,train,16186d2518884aa12bf939ff618d6058b650ca2cf2371e63b4767419e691dcea,C:/JeanLoa/Path-AI-Engineer/Computer-Vision-Multimodal-AI-Edge-Optimization/19-image-classification-api/data/samples/breed-05-sample-01.png
breed-05-sample-02,5,Bengal,cat,train,935df55d38d65c9249210f7d5ed62fa7b0a2db9b7516857a6e34cbed800a78ab,C:/JeanLoa/Path-AI-Engineer/Computer-Vision-Multimodal-AI-Edge-Optimization/19-image-classification-api/data/samples/breed-05-sample-02.png
breed-05-sample-03,5,Bengal,cat,train,5ccdc2719dc18fe3bc82ee467ddbe5301c15c8d6b11a36eca854c44e0d95bb33,C:/JeanLoa/Path-AI-Engineer/Computer-Vision-Multimodal-AI-Edge-Optimization/19-image-classification-api/data/samples/breed-05-sample-03.png
breed-05-sample-04,5,Bengal,cat,validation,0efe953e86f0e0d59cdfe1f1e634f1f2e6123e8fff90e9ae83ad224fba9bd659,C:/JeanLoa/Path-AI-Engineer/Computer-Vision-Multimodal-AI-Edge-Optimization/19-image-classification-api/data/samples/breed-05-sample-04.png
breed-05-sample-05,5,Bengal,cat,validation,5f46b3b40020f654485786ce1b165c0ceca9029896ff68fdbf0de6760b1fcc71,C:/JeanLoa/Path-AI-Engineer/Computer-Vision-Multimodal-AI-Edge-Optimization/19-image-classification-api/data/samples/breed-05-sample-05.png
breed-06-sample-00,6,Birman,cat,train,ae26850e0cdd214685e00336c4b648b2150c1785f557e81bca81c6a4874d8718,C:/JeanLoa/Path-AI-Engineer/Computer-Vision-Multimodal-AI-Edge-Optimization/19-image-classification-api/data/samples/breed-06-sample-00.png
breed-06-sample-01,6,Birman,cat,train,3c2d33be964021cc1e8000cf9b2c165793cd4a54a5c76b850c981eae7bf05d79,C:/JeanLoa/Path-AI-Engineer/Computer-Vision-Multimodal-AI-Edge-Optimization/19-image-classification-api/data/samples/breed-06-sample-01.png
breed-06-sample-02,6,Birman,cat,train,73f30df49febf1414bdeb145fecdaf4e149a4e72d81b3254361bdaa033b27dd6,C:/JeanLoa/Path-AI-Engineer/Computer-Vision-Multimodal-AI-Edge-Optimization/19-image-classification-api/data/samples/breed-06-sample-02.png
breed-06-sample-03,6,Birman,cat,train,b44c3ce9c5b80ae1037fff82fa21f15a5d4da2d025e2450ab7d1d667a312d977,C:/JeanLoa/Path-AI-Engineer/Computer-Vision-Multimodal-AI-Edge-Optimization/19-image-classification-api/data/samples/breed-06-sample-03.png
breed-06-sample-04,6,Birman,cat,validation,e373d0b1c33fb859ba99a65a94fa16d9fe776782e922724174556e66a80f7bbd,C:/JeanLoa/Path-AI-Engineer/Computer-Vision-Multimodal-AI-Edge-Optimization/19-image-classification-api/data/samples/breed-06-sample-04.png
breed-06-sample-05,6,Birman,cat,validation,609337879f2bbda7e2a3f7f3e0ba214db03cbb7387cc66c2d2e00a382d6d6de8,C:/JeanLoa/Path-AI-Engineer/Computer-Vision-Multimodal-AI-Edge-Optimization/19-image-classification-api/data/samples/breed-06-sample-05.png
breed-07-sample-00,7,Bombay,cat,train,f3c75f7d3a3a275e3640a13de7cc58151be9844cb048c89e1fa2a8578a457993,C:/JeanLoa/Path-AI-Engineer/Computer-Vision-Multimodal-AI-Edge-Optimization/19-image-classification-api/data/samples/breed-07-sample-00.png
breed-07-sample-01,7,Bombay,cat,train,29ab0be6dff4061b111321525625a2df92ab6054f90f436e4b71727f9b6c0413,C:/JeanLoa/Path-AI-Engineer/Computer-Vision-Multimodal-AI-Edge-Optimization/19-image-classification-api/data/samples/breed-07-sample-01.png
breed-07-sample-02,7,Bombay,cat,train,459322f32344f711eb8a2ceb385d667ef5d0e111020104ed1bebfd5ebecd0995,C:/JeanLoa/Path-AI-Engineer/Computer-Vision-Multimodal-AI-Edge-Optimization/19-image-classification-api/data/samples/breed-07-sample-02.png
breed-07-sample-03,7,Bombay,cat,train,142648d143a6b6af3af1d94afc326a73aae0637d80dc7870b2906a33cada83d4,C:/JeanLoa/Path-AI-Engineer/Computer-Vision-Multimodal-AI-Edge-Optimization/19-image-classification-api/data/samples/breed-07-sample-03.png
breed-07-sample-04,7,Bombay,cat,validation,a600c1886fad5c5ff5654fe9e409d9840882863ca2baa0f5c31eca1ea745e184,C:/JeanLoa/Path-AI-Engineer/Computer-Vision-Multimodal-AI-Edge-Optimization/19-image-classification-api/data/samples/breed-07-sample-04.png
breed-07-sample-05,7,Bombay,cat,validation,3a691b02cb7c7bb4334aabfb42abe5cb69a62e329cf8ed44738e264b708b0e88,C:/JeanLoa/Path-AI-Engineer/Computer-Vision-Multimodal-AI-Edge-Optimization/19-image-classification-api/data/samples/breed-07-sample-05.png
breed-08-sample-00,8,Boxer,dog,train,dfcc00494718134501d980fe532131364038573011ed1925a20fda4d8051c392,C:/JeanLoa/Path-AI-Engineer/Computer-Vision-Multimodal-AI-Edge-Optimization/19-image-classification-api/data/samples/breed-08-sample-00.png
breed-08-sample-01,8,Boxer,dog,train,dd9041b4277f26f7f4250351951494818ec0f802e0cd19da2d9afaa066bbd1c3,C:/JeanLoa/Path-AI-Engineer/Computer-Vision-Multimodal-AI-Edge-Optimization/19-image-classification-api/data/samples/breed-08-sample-01.png
breed-08-sample-02,8,Boxer,dog,train,f004c8e243c2f8d9b445d0b67e22027d6664aaeda5e13bc3a07d624b44d5ae28,C:/JeanLoa/Path-AI-Engineer/Computer-Vision-Multimodal-AI-Edge-Optimization/19-image-classification-api/data/samples/breed-08-sample-02.png
breed-08-sample-03,8,Boxer,dog,train,50025e200906b98b220ece3ef612fea6886b8dcb2c188456c8579f6ea2dcd101,C:/JeanLoa/Path-AI-Engineer/Computer-Vision-Multimodal-AI-Edge-Optimization/19-image-classification-api/data/samples/breed-08-sample-03.png
breed-08-sample-04,8,Boxer,dog,validation,298d4762c4af603a1be04432e487ccd200315ea8a1d747617450e441c4bfbab9,C:/JeanLoa/Path-AI-Engineer/Computer-Vision-Multimodal-AI-Edge-Optimization/19-image-classification-api/data/samples/breed-08-sample-04.png
breed-08-sample-05,8,Boxer,dog,validation,607ce579aed3ca9fff3a6e950994ada0edfe913066ee8f15c790ea0f8f44693b,C:/JeanLoa/Path-AI-Engineer/Computer-Vision-Multimodal-AI-Edge-Optimization/19-image-classification-api/data/samples/breed-08-sample-05.png
breed-09-sample-00,9,British Shorthair,cat,train,5538e7a191e6c84bdcb49397ef4c58ebfdfbc7ca49f308b26441788e45092487,C:/JeanLoa/Path-AI-Engineer/Computer-Vision-Multimodal-AI-Edge-Optimization/19-image-classification-api/data/samples/breed-09-sample-00.png
breed-09-sample-01,9,British Shorthair,cat,train,835e13e1c76b52ef07beda7b344b6339d4dd79e9ec9112ed91869ab14a75eedc,C:/JeanLoa/Path-AI-Engineer/Computer-Vision-Multimodal-AI-Edge-Optimization/19-image-classification-api/data/samples/breed-09-sample-01.png
breed-09-sample-02,9,British Shorthair,cat,train,d0f64df0f55cc83aad35927580ae14a1a8f4cb9b77f10549ac4b1d688e9977cc,C:/JeanLoa/Path-AI-Engineer/Computer-Vision-Multimodal-AI-Edge-Optimization/19-image-classification-api/data/samples/breed-09-sample-02.png
breed-09-sample-03,9,British Shorthair,cat,train,5b141cba27ff0fa07dedca6a5015f676eec77a19994bfb9afb63189fc2ca64b0,C:/JeanLoa/Path-AI-Engineer/Computer-Vision-Multimodal-AI-Edge-Optimization/19-image-classification-api/data/samples/breed-09-sample-03.png
breed-09-sample-04,9,British Shorthair,cat,validation,5920fb8008ba766820e484a95009e69969b400ffeda9e9f58717e313849d7790,C:/JeanLoa/Path-AI-Engineer/Computer-Vision-Multimodal-AI-Edge-Optimization/19-image-classification-api/data/samples/breed-09-sample-04.png
breed-09-sample-05,9,British Shorthair,cat,validation,204b89044ca21c97b775b528c8bfee8aa77a27dd12ae7f32fa0a9c629ab90cd6,C:/JeanLoa/Path-AI-Engineer/Computer-Vision-Multimodal-AI-Edge-Optimization/19-image-classification-api/data/samples/breed-09-sample-05.png
breed-10-sample-00,10,Chihuahua,dog,train,a9ecd0b621ac6d90188740200d733ba5b38fce4e9f4ea91cc86113034104f14b,C:/JeanLoa/Path-AI-Engineer/Computer-Vision-Multimodal-AI-Edge-Optimization/19-image-classification-api/data/samples/breed-10-sample-00.png
breed-10-sample-01,10,Chihuahua,dog,train,692980d2f9a0707f76ab7b06a98a35284041829314a1e85f4a6781b5ce866da2,C:/JeanLoa/Path-AI-Engineer/Computer-Vision-Multimodal-AI-Edge-Optimization/19-image-classification-api/data/samples/breed-10-sample-01.png
breed-10-sample-02,10,Chihuahua,dog,train,c962ce162e089d28a10c1f1e8d934f240ea1bf9d9231c08bb657fb26181c645d,C:/JeanLoa/Path-AI-Engineer/Computer-Vision-Multimodal-AI-Edge-Optimization/19-image-classification-api/data/samples/breed-10-sample-02.png
breed-10-sample-03,10,Chihuahua,dog,train,f53c4db7a0f3a9d4ac2a2ec74d69a88475aa5a9a09954ad83ae560ef7e6b0f08,C:/JeanLoa/Path-AI-Engineer/Computer-Vision-Multimodal-AI-Edge-Optimization/19-image-classification-api/data/samples/breed-10-sample-03.png
breed-10-sample-04,10,Chihuahua,dog,validation,36553567da18ab4582a3a59a7beabd8222527eb4a3f3a86fbf7b86dce81ed99a,C:/JeanLoa/Path-AI-Engineer/Computer-Vision-Multimodal-AI-Edge-Optimization/19-image-classification-api/data/samples/breed-10-sample-04.png
breed-10-sample-05,10,Chihuahua,dog,validation,08c96306dee2a34233b30348dc6710ffdb3fd2b30877fd469e879e7331f0f883,C:/JeanLoa/Path-AI-Engineer/Computer-Vision-Multimodal-AI-Edge-Optimization/19-image-classification-api/data/samples/breed-10-sample-05.png
breed-11-sample-00,11,Egyptian Mau,cat,train,8812423477640d122751e1e3dc32fd476099b9b6c38a1c5497e4c564d0753c0d,C:/JeanLoa/Path-AI-Engineer/Computer-Vision-Multimodal-AI-Edge-Optimization/19-image-classification-api/data/samples/breed-11-sample-00.png
breed-11-sample-01,11,Egyptian Mau,cat,train,32deb9fbc2f67c0e28f81aad0b00a5abce5504efebce468ca190f3cd3d5905c7,C:/JeanLoa/Path-AI-Engineer/Computer-Vision-Multimodal-AI-Edge-Optimization/19-image-classification-api/data/samples/breed-11-sample-01.png
breed-11-sample-02,11,Egyptian Mau,cat,train,02466e366a73c9ce290cded56d6e14e9dd8a8a46044190b2a59c6dbbfcad0212,C:/JeanLoa/Path-AI-Engineer/Computer-Vision-Multimodal-AI-Edge-Optimization/19-image-classification-api/data/samples/breed-11-sample-02.png
breed-11-sample-03,11,Egyptian Mau,cat,train,012469dfa678a9aa8c9b8bfac64dfd6220a67561db226075fdae5728f521f936,C:/JeanLoa/Path-AI-Engineer/Computer-Vision-Multimodal-AI-Edge-Optimization/19-image-classification-api/data/samples/breed-11-sample-03.png
breed-11-sample-04,11,Egyptian Mau,cat,validation,27c6db99099278408a353b8ad8e2e21c22d483c9b975aec9d1e2f971ec3c2af6,C:/JeanLoa/Path-AI-Engineer/Computer-Vision-Multimodal-AI-Edge-Optimization/19-image-classification-api/data/samples/breed-11-sample-04.png
breed-11-sample-05,11,Egyptian Mau,cat,validation,3873244bd5bf50b62b4840f55c0e312486601b3b17bae565bbedf8f635c10171,C:/JeanLoa/Path-AI-Engineer/Computer-Vision-Multimodal-AI-Edge-Optimization/19-image-classification-api/data/samples/breed-11-sample-05.png
breed-12-sample-00,12,English Cocker Spaniel,dog,train,2b69dd059fff83dd2bd07dae5e569b55999498db0dcf3c0e1dba021d17ccfe80,C:/JeanLoa/Path-AI-Engineer/Computer-Vision-Multimodal-AI-Edge-Optimization/19-image-classification-api/data/samples/breed-12-sample-00.png
breed-12-sample-01,12,English Cocker Spaniel,dog,train,8dc560bde572e2021428302bd42c96c8a9f6fe8ea9fffc4c81a7003bb19f8707,C:/JeanLoa/Path-AI-Engineer/Computer-Vision-Multimodal-AI-Edge-Optimization/19-image-classification-api/data/samples/breed-12-sample-01.png
breed-12-sample-02,12,English Cocker Spaniel,dog,train,1806b6c289134bf57c195ff1fa97f9904129b9a55437ad80a6a6f127b483eda2,C:/JeanLoa/Path-AI-Engineer/Computer-Vision-Multimodal-AI-Edge-Optimization/19-image-classification-api/data/samples/breed-12-sample-02.png
breed-12-sample-03,12,English Cocker Spaniel,dog,train,6f029da6cb2ac07962e1d67b74b211942bdaab4a1a22f980bfb288b6812419e5,C:/JeanLoa/Path-AI-Engineer/Computer-Vision-Multimodal-AI-Edge-Optimization/19-image-classification-api/data/samples/breed-12-sample-03.png
breed-12-sample-04,12,English Cocker Spaniel,dog,validation,3e513ffd12c276489316445acc45c7db29f6e877c17cf00dd20d703775acef6d,C:/JeanLoa/Path-AI-Engineer/Computer-Vision-Multimodal-AI-Edge-Optimization/19-image-classification-api/data/samples/breed-12-sample-04.png
breed-12-sample-05,12,English Cocker Spaniel,dog,validation,78487113dd2a01aa99948c128396f32ca54429dac8ad896707a0af1a89350dcf,C:/JeanLoa/Path-AI-Engineer/Computer-Vision-Multimodal-AI-Edge-Optimization/19-image-classification-api/data/samples/breed-12-sample-05.png
breed-13-sample-00,13,English Setter,dog,train,3e99517988dabdbd7ca179a24d6e88f5a593edb78b230801acdb3a1df5e0a30d,C:/JeanLoa/Path-AI-Engineer/Computer-Vision-Multimodal-AI-Edge-Optimization/19-image-classification-api/data/samples/breed-13-sample-00.png
breed-13-sample-01,13,English Setter,dog,train,b3f80adc103fb31a149aa0a73e3ca0f088e996422d6052fe6410bba65472b25b,C:/JeanLoa/Path-AI-Engineer/Computer-Vision-Multimodal-AI-Edge-Optimization/19-image-classification-api/data/samples/breed-13-sample-01.png
breed-13-sample-02,13,English Setter,dog,train,f3f736278b5d3d04cbd2573840646bfc2ca9c20733d7ebded64acbe2eab8e9a1,C:/JeanLoa/Path-AI-Engineer/Computer-Vision-Multimodal-AI-Edge-Optimization/19-image-classification-api/data/samples/breed-13-sample-02.png
breed-13-sample-03,13,English Setter,dog,train,3e563cff6cb63578b808ebb3892bbd034be9d266c8245896a0f32788cef34806,C:/JeanLoa/Path-AI-Engineer/Computer-Vision-Multimodal-AI-Edge-Optimization/19-image-classification-api/data/samples/breed-13-sample-03.png
breed-13-sample-04,13,English Setter,dog,validation,04c191d38f62e362711ecb45520b21582ffb179b2cba01740f48ce2c6cbb8ebf,C:/JeanLoa/Path-AI-Engineer/Computer-Vision-Multimodal-AI-Edge-Optimization/19-image-classification-api/data/samples/breed-13-sample-04.png
breed-13-sample-05,13,English Setter,dog,validation,0aede668f8523a08ec48dcef5707ac9281645fe084b256e30b64fb665c67d8ff,C:/JeanLoa/Path-AI-Engineer/Computer-Vision-Multimodal-AI-Edge-Optimization/19-image-classification-api/data/samples/breed-13-sample-05.png
breed-14-sample-00,14,German Shorthaired,dog,train,600012bf1d61091f3f244ee694d22d2ff49dfd31ab5f71056f816cdee0081336,C:/JeanLoa/Path-AI-Engineer/Computer-Vision-Multimodal-AI-Edge-Optimization/19-image-classification-api/data/samples/breed-14-sample-00.png
breed-14-sample-01,14,German Shorthaired,dog,train,8622d58306fff6f2c2b18d436a88a18d88bc53bb822fb6f84868df6c91c3f523,C:/JeanLoa/Path-AI-Engineer/Computer-Vision-Multimodal-AI-Edge-Optimization/19-image-classification-api/data/samples/breed-14-sample-01.png
breed-14-sample-02,14,German Shorthaired,dog,train,083dc7db869c8e31f3ee306e90aa2d7c31b7c72b8be1c00e798446f05e4c4bd6,C:/JeanLoa/Path-AI-Engineer/Computer-Vision-Multimodal-AI-Edge-Optimization/19-image-classification-api/data/samples/breed-14-sample-02.png
breed-14-sample-03,14,German Shorthaired,dog,train,e6dca4594f38854c925b9e17da5659205e1f8d1623d2533ee3dbccbcdeb9fe00,C:/JeanLoa/Path-AI-Engineer/Computer-Vision-Multimodal-AI-Edge-Optimization/19-image-classification-api/data/samples/breed-14-sample-03.png
breed-14-sample-04,14,German Shorthaired,dog,validation,05165a9ff078a58e77cf75e9b413412cab5ac531ef54df834f0700891838727c,C:/JeanLoa/Path-AI-Engineer/Computer-Vision-Multimodal-AI-Edge-Optimization/19-image-classification-api/data/samples/breed-14-sample-04.png
breed-14-sample-05,14,German Shorthaired,dog,validation,920b3d307e114bdf3340b01000d7bec07419a249bcbdf0639623e640dd4286f7,C:/JeanLoa/Path-AI-Engineer/Computer-Vision-Multimodal-AI-Edge-Optimization/19-image-classification-api/data/samples/breed-14-sample-05.png
breed-15-sample-00,15,Great Pyrenees,dog,train,98d9ff33e336fabfb71532b3b2e3ec2e7f11d29f8129e2b4ce6d8e2817167f10,C:/JeanLoa/Path-AI-Engineer/Computer-Vision-Multimodal-AI-Edge-Optimization/19-image-classification-api/data/samples/breed-15-sample-00.png
breed-15-sample-01,15,Great Pyrenees,dog,train,15cb4cf01225b599241bca88fb6d9ac626680acf71f15201b0616382713e3588,C:/JeanLoa/Path-AI-Engineer/Computer-Vision-Multimodal-AI-Edge-Optimization/19-image-classification-api/data/samples/breed-15-sample-01.png
breed-15-sample-02,15,Great Pyrenees,dog,train,a4a444f49792ad14b10d60b7165f5def5b5f65605a5d8bfd99258feb74758cc3,C:/JeanLoa/Path-AI-Engineer/Computer-Vision-Multimodal-AI-Edge-Optimization/19-image-classification-api/data/samples/breed-15-sample-02.png
breed-15-sample-03,15,Great Pyrenees,dog,train,e5a4705ce0fcb40eafdd76f2d8e23495dcfdf59b7d153ff460fe0ee56bf78f4d,C:/JeanLoa/Path-AI-Engineer/Computer-Vision-Multimodal-AI-Edge-Optimization/19-image-classification-api/data/samples/breed-15-sample-03.png
breed-15-sample-04,15,Great Pyrenees,dog,validation,65cda22c3ea9ee41d82076ce94a5885915193adc49a16760fc173f73be3430d1,C:/JeanLoa/Path-AI-Engineer/Computer-Vision-Multimodal-AI-Edge-Optimization/19-image-classification-api/data/samples/breed-15-sample-04.png
breed-15-sample-05,15,Great Pyrenees,dog,validation,de7bdcb39c6943f97933f1052e63e0c1d468c957e210e67cae0e9b5d799ccba7,C:/JeanLoa/Path-AI-Engineer/Computer-Vision-Multimodal-AI-Edge-Optimization/19-image-classification-api/data/samples/breed-15-sample-05.png
breed-16-sample-00,16,Havanese,dog,train,2f0ece05f5a144e926e5fe83f1569fb84d3d642862d947b56d4e0fcc38f4dd04,C:/JeanLoa/Path-AI-Engineer/Computer-Vision-Multimodal-AI-Edge-Optimization/19-image-classification-api/data/samples/breed-16-sample-00.png
breed-16-sample-01,16,Havanese,dog,train,a8b8600b8b18951e59b7b36773a25694ab29781936adffc414d51a71f4c6c085,C:/JeanLoa/Path-AI-Engineer/Computer-Vision-Multimodal-AI-Edge-Optimization/19-image-classification-api/data/samples/breed-16-sample-01.png
breed-16-sample-02,16,Havanese,dog,train,a002737dfc48f9df6fabc2547b8afe8c5fa5664d38eed8c97ec5e7d53455a61f,C:/JeanLoa/Path-AI-Engineer/Computer-Vision-Multimodal-AI-Edge-Optimization/19-image-classification-api/data/samples/breed-16-sample-02.png
breed-16-sample-03,16,Havanese,dog,train,3980a3ffe67dd63e5c9bebdd0b9940e03bf16f7c36e13f62ca68299bff981966,C:/JeanLoa/Path-AI-Engineer/Computer-Vision-Multimodal-AI-Edge-Optimization/19-image-classification-api/data/samples/breed-16-sample-03.png
breed-16-sample-04,16,Havanese,dog,validation,ad45618cae6cf8d7a11f55e5dee5988b46d44010ed7fe1427336e4dd23f76836,C:/JeanLoa/Path-AI-Engineer/Computer-Vision-Multimodal-AI-Edge-Optimization/19-image-classification-api/data/samples/breed-16-sample-04.png
breed-16-sample-05,16,Havanese,dog,validation,209a94f9be26658dfb1dadaddf3b3104ff2ba5ef5ed45c099b94c25feff2f916,C:/JeanLoa/Path-AI-Engineer/Computer-Vision-Multimodal-AI-Edge-Optimization/19-image-classification-api/data/samples/breed-16-sample-05.png
breed-17-sample-00,17,Japanese Chin,dog,train,ebc0fc5043a9d0d6a67fc60cef216134362e78580c58994bdaca0040ba72efe3,C:/JeanLoa/Path-AI-Engineer/Computer-Vision-Multimodal-AI-Edge-Optimization/19-image-classification-api/data/samples/breed-17-sample-00.png
breed-17-sample-01,17,Japanese Chin,dog,train,3291fe776d2c56d546701b296ca93e25121f0508c57e3c96247823a7bb9027f1,C:/JeanLoa/Path-AI-Engineer/Computer-Vision-Multimodal-AI-Edge-Optimization/19-image-classification-api/data/samples/breed-17-sample-01.png
breed-17-sample-02,17,Japanese Chin,dog,train,da7c1f9bd1a5b6fc37550871a624fb5dfec46614cb96cbb60dbd0def4f5b7c73,C:/JeanLoa/Path-AI-Engineer/Computer-Vision-Multimodal-AI-Edge-Optimization/19-image-classification-api/data/samples/breed-17-sample-02.png
breed-17-sample-03,17,Japanese Chin,dog,train,8f4d44091ecf0d3bc381f696e60ad029a99518c9a6aa57dbc1efba55bf0bd16e,C:/JeanLoa/Path-AI-Engineer/Computer-Vision-Multimodal-AI-Edge-Optimization/19-image-classification-api/data/samples/breed-17-sample-03.png
breed-17-sample-04,17,Japanese Chin,dog,validation,8e2b22c42e4c9566c154bdbcd798ce86914b8c981e515602e31c5e4d51251fb2,C:/JeanLoa/Path-AI-Engineer/Computer-Vision-Multimodal-AI-Edge-Optimization/19-image-classification-api/data/samples/breed-17-sample-04.png
breed-17-sample-05,17,Japanese Chin,dog,validation,3664061dcf5ed83f18a5ecb3553e314fdf83190457143fa6298c59f0c031964a,C:/JeanLoa/Path-AI-Engineer/Computer-Vision-Multimodal-AI-Edge-Optimization/19-image-classification-api/data/samples/breed-17-sample-05.png
breed-18-sample-00,18,Keeshond,dog,train,641da636f72bdbfe55d4c82769bb1e4babbe20b42d12648203ace97a08dbc275,C:/JeanLoa/Path-AI-Engineer/Computer-Vision-Multimodal-AI-Edge-Optimization/19-image-classification-api/data/samples/breed-18-sample-00.png
breed-18-sample-01,18,Keeshond,dog,train,3c4dd5ef0ac3edb42c7d4651133264bfa8ba45b24029dab005dbf9b4320cbec5,C:/JeanLoa/Path-AI-Engineer/Computer-Vision-Multimodal-AI-Edge-Optimization/19-image-classification-api/data/samples/breed-18-sample-01.png
breed-18-sample-02,18,Keeshond,dog,train,ba32f7c489341eea633c11c9ae0730d4c25c175ba2a52886c9c72bee8a65a313,C:/JeanLoa/Path-AI-Engineer/Computer-Vision-Multimodal-AI-Edge-Optimization/19-image-classification-api/data/samples/breed-18-sample-02.png
breed-18-sample-03,18,Keeshond,dog,train,ffb63f40605856f20c31102e0292fe3a3ef5e7e24ea69f064fe75c4c3040540a,C:/JeanLoa/Path-AI-Engineer/Computer-Vision-Multimodal-AI-Edge-Optimization/19-image-classification-api/data/samples/breed-18-sample-03.png
breed-18-sample-04,18,Keeshond,dog,validation,a522abaa1216fa49d147ea4c3119cb6221dd8af607b0591b9999cb8f203c6fc6,C:/JeanLoa/Path-AI-Engineer/Computer-Vision-Multimodal-AI-Edge-Optimization/19-image-classification-api/data/samples/breed-18-sample-04.png
breed-18-sample-05,18,Keeshond,dog,validation,977a86c73c8a61f3d27a2213ae4ab0501fe8561eedc54886083ba6b2dda6da8a,C:/JeanLoa/Path-AI-Engineer/Computer-Vision-Multimodal-AI-Edge-Optimization/19-image-classification-api/data/samples/breed-18-sample-05.png
breed-19-sample-00,19,Leonberger,dog,train,0e5a9838571a02e93e6223f8a46faed8a58be1b1a92e9c72ba42960d1e2382f8,C:/JeanLoa/Path-AI-Engineer/Computer-Vision-Multimodal-AI-Edge-Optimization/19-image-classification-api/data/samples/breed-19-sample-00.png
breed-19-sample-01,19,Leonberger,dog,train,d276348653a5e39b7567852f8499a3a41096a68542152ee6fbd0bd3142b3b995,C:/JeanLoa/Path-AI-Engineer/Computer-Vision-Multimodal-AI-Edge-Optimization/19-image-classification-api/data/samples/breed-19-sample-01.png
breed-19-sample-02,19,Leonberger,dog,train,646b61cb22f014f8cce9842a7e02cbdde429abbf20ff4b401cde19ee84fe3a28,C:/JeanLoa/Path-AI-Engineer/Computer-Vision-Multimodal-AI-Edge-Optimization/19-image-classification-api/data/samples/breed-19-sample-02.png
breed-19-sample-03,19,Leonberger,dog,train,2c0dc48cc8f99daf4f2234eb61ea327d98fd72a4a121f62c9943c0dc981a2657,C:/JeanLoa/Path-AI-Engineer/Computer-Vision-Multimodal-AI-Edge-Optimization/19-image-classification-api/data/samples/breed-19-sample-03.png
breed-19-sample-04,19,Leonberger,dog,validation,45b8a3e81a341efe956a7ce2ed1085f16aed08022b0dcbe341a88bdb2ee8d3a7,C:/JeanLoa/Path-AI-Engineer/Computer-Vision-Multimodal-AI-Edge-Optimization/19-image-classification-api/data/samples/breed-19-sample-04.png
breed-19-sample-05,19,Leonberger,dog,validation,d54c67e9d01ac91d60fd65879bd05900bf74e79815d01f2778bcbff1141ec0a7,C:/JeanLoa/Path-AI-Engineer/Computer-Vision-Multimodal-AI-Edge-Optimization/19-image-classification-api/data/samples/breed-19-sample-05.png
breed-20-sample-00,20,Maine Coon,cat,train,855945885239e8f2ce090f27810c5735f4320206b13fb8dde501affe27f0febb,C:/JeanLoa/Path-AI-Engineer/Computer-Vision-Multimodal-AI-Edge-Optimization/19-image-classification-api/data/samples/breed-20-sample-00.png
breed-20-sample-01,20,Maine Coon,cat,train,5df21f2f9b105559f187bceaad06e35d34ce71f0d1a0496a9db75e093d0b7ca1,C:/JeanLoa/Path-AI-Engineer/Computer-Vision-Multimodal-AI-Edge-Optimization/19-image-classification-api/data/samples/breed-20-sample-01.png
breed-20-sample-02,20,Maine Coon,cat,train,7dbd0e704758e1da0295f89beb3053f6e13764b03fe95a877cfe9c5baef7e090,C:/JeanLoa/Path-AI-Engineer/Computer-Vision-Multimodal-AI-Edge-Optimization/19-image-classification-api/data/samples/breed-20-sample-02.png
breed-20-sample-03,20,Maine Coon,cat,train,0895df8930098ad434d86d20f37323a21f726d501b3f6bfab5e42a7ba158c34f,C:/JeanLoa/Path-AI-Engineer/Computer-Vision-Multimodal-AI-Edge-Optimization/19-image-classification-api/data/samples/breed-20-sample-03.png
breed-20-sample-04,20,Maine Coon,cat,validation,776e9f43772b0a9cb4007edad8e3c6b7bb577f33a3d3edae93110eecfacca64a,C:/JeanLoa/Path-AI-Engineer/Computer-Vision-Multimodal-AI-Edge-Optimization/19-image-classification-api/data/samples/breed-20-sample-04.png
breed-20-sample-05,20,Maine Coon,cat,validation,6db21a205d9fadbc43e0f907b06a4264a6e09325aa4af1311c71acdbf7d3748f,C:/JeanLoa/Path-AI-Engineer/Computer-Vision-Multimodal-AI-Edge-Optimization/19-image-classification-api/data/samples/breed-20-sample-05.png
breed-21-sample-00,21,Miniature Pinscher,dog,train,4d1e7af56e4e049e2bb7fe9652b3280f413e83219e38585fc8ef8a2b61a7b713,C:/JeanLoa/Path-AI-Engineer/Computer-Vision-Multimodal-AI-Edge-Optimization/19-image-classification-api/data/samples/breed-21-sample-00.png
breed-21-sample-01,21,Miniature Pinscher,dog,train,c2f277d8b1d2e29eee0080d3d3e258603ac8d1ea216dc35a2a85bfa715adee6a,C:/JeanLoa/Path-AI-Engineer/Computer-Vision-Multimodal-AI-Edge-Optimization/19-image-classification-api/data/samples/breed-21-sample-01.png
breed-21-sample-02,21,Miniature Pinscher,dog,train,4edf8fd153363035f6fde3466eb87a9e2c4eb25cb968a723c7d7441cbfd2c5c5,C:/JeanLoa/Path-AI-Engineer/Computer-Vision-Multimodal-AI-Edge-Optimization/19-image-classification-api/data/samples/breed-21-sample-02.png
breed-21-sample-03,21,Miniature Pinscher,dog,train,4d345e3f1bd1efaa95862517c9694c1b31c4c5391b1883777dca6fa3077b31ef,C:/JeanLoa/Path-AI-Engineer/Computer-Vision-Multimodal-AI-Edge-Optimization/19-image-classification-api/data/samples/breed-21-sample-03.png
breed-21-sample-04,21,Miniature Pinscher,dog,validation,92d5cb108ab98376845dcfd50bdbb32f8dc78bffd79847d92921443866a69c81,C:/JeanLoa/Path-AI-Engineer/Computer-Vision-Multimodal-AI-Edge-Optimization/19-image-classification-api/data/samples/breed-21-sample-04.png
breed-21-sample-05,21,Miniature Pinscher,dog,validation,e5b5a8e0267fe938bbc643dc2078a40884c1a4d9c93a53f890adaa4b91da9c8f,C:/JeanLoa/Path-AI-Engineer/Computer-Vision-Multimodal-AI-Edge-Optimization/19-image-classification-api/data/samples/breed-21-sample-05.png
breed-22-sample-00,22,Newfoundland,dog,train,41e5a93c4d2d9ed695996de9c2cd15fb903360dd7f1a93136a895102255e8ad7,C:/JeanLoa/Path-AI-Engineer/Computer-Vision-Multimodal-AI-Edge-Optimization/19-image-classification-api/data/samples/breed-22-sample-00.png
breed-22-sample-01,22,Newfoundland,dog,train,491867577b73fe1e94fbf3ba55a3cc85c815b4bbb77c51e432b1d5daae791963,C:/JeanLoa/Path-AI-Engineer/Computer-Vision-Multimodal-AI-Edge-Optimization/19-image-classification-api/data/samples/breed-22-sample-01.png
breed-22-sample-02,22,Newfoundland,dog,train,de3062e65d47d0b5aa8d07e1ed9c1bd09ad54b53975c9508670bfd61102672fa,C:/JeanLoa/Path-AI-Engineer/Computer-Vision-Multimodal-AI-Edge-Optimization/19-image-classification-api/data/samples/breed-22-sample-02.png
breed-22-sample-03,22,Newfoundland,dog,train,1b7890837350ab132091f114e9b46c27d46686949514d89506ab1c7647d55100,C:/JeanLoa/Path-AI-Engineer/Computer-Vision-Multimodal-AI-Edge-Optimization/19-image-classification-api/data/samples/breed-22-sample-03.png
breed-22-sample-04,22,Newfoundland,dog,validation,d0dc9b9dd7a64259d179c841a6c396ef82ca0663ab04f8371f6c155912ceaad2,C:/JeanLoa/Path-AI-Engineer/Computer-Vision-Multimodal-AI-Edge-Optimization/19-image-classification-api/data/samples/breed-22-sample-04.png
breed-22-sample-05,22,Newfoundland,dog,validation,37e60136d7c2bf1725698d14ee0e6f60e24e7707d535518f2b7469f5cc992c9c,C:/JeanLoa/Path-AI-Engineer/Computer-Vision-Multimodal-AI-Edge-Optimization/19-image-classification-api/data/samples/breed-22-sample-05.png
breed-23-sample-00,23,Persian,cat,train,01166e496ee5123b68b69cf786850105350614d46a1074e45bc1742e9a9a1c8b,C:/JeanLoa/Path-AI-Engineer/Computer-Vision-Multimodal-AI-Edge-Optimization/19-image-classification-api/data/samples/breed-23-sample-00.png
breed-23-sample-01,23,Persian,cat,train,c90e570d0e9f6eeeb7e2d4ccf21d9e7df192c6a0e5d687068d1ab79b9c8d6f8c,C:/JeanLoa/Path-AI-Engineer/Computer-Vision-Multimodal-AI-Edge-Optimization/19-image-classification-api/data/samples/breed-23-sample-01.png
breed-23-sample-02,23,Persian,cat,train,c110effa93a2f23443b03bef820a63019bf6bfcb7b955bf1df9b7065e7113b85,C:/JeanLoa/Path-AI-Engineer/Computer-Vision-Multimodal-AI-Edge-Optimization/19-image-classification-api/data/samples/breed-23-sample-02.png
breed-23-sample-03,23,Persian,cat,train,91109159b956c934c7e6ac4f18372d94b5644ede5ee9f7c3e1968c24791c430f,C:/JeanLoa/Path-AI-Engineer/Computer-Vision-Multimodal-AI-Edge-Optimization/19-image-classification-api/data/samples/breed-23-sample-03.png
breed-23-sample-04,23,Persian,cat,validation,04c252d4aa3fde9e792ae01b88f76b7f6e41beb98913e0f0f50ab62ea766b43c,C:/JeanLoa/Path-AI-Engineer/Computer-Vision-Multimodal-AI-Edge-Optimization/19-image-classification-api/data/samples/breed-23-sample-04.png
breed-23-sample-05,23,Persian,cat,validation,a2d807ab3fd616c5ee74cf8556b74b3013a7fe51a04f1591f55188f6dc1fbf58,C:/JeanLoa/Path-AI-Engineer/Computer-Vision-Multimodal-AI-Edge-Optimization/19-image-classification-api/data/samples/breed-23-sample-05.png
breed-24-sample-00,24,Pomeranian,dog,train,a523f8e0d70a36a407011da7304551953a35f496edd83873a1abc553d7772034,C:/JeanLoa/Path-AI-Engineer/Computer-Vision-Multimodal-AI-Edge-Optimization/19-image-classification-api/data/samples/breed-24-sample-00.png
breed-24-sample-01,24,Pomeranian,dog,train,013fa342e9ed5552787686ba484d7bb9a737ddc795f2efb542c181e1bf22dd1d,C:/JeanLoa/Path-AI-Engineer/Computer-Vision-Multimodal-AI-Edge-Optimization/19-image-classification-api/data/samples/breed-24-sample-01.png
breed-24-sample-02,24,Pomeranian,dog,train,51850e4dac738e6dcf8b534b2870062331a8f7a6655f00b291e66f855e576848,C:/JeanLoa/Path-AI-Engineer/Computer-Vision-Multimodal-AI-Edge-Optimization/19-image-classification-api/data/samples/breed-24-sample-02.png
breed-24-sample-03,24,Pomeranian,dog,train,a6b7d0ae928e941492dfbd3737bfbe03671ee1d0a12222046e18c7697a4c2d1d,C:/JeanLoa/Path-AI-Engineer/Computer-Vision-Multimodal-AI-Edge-Optimization/19-image-classification-api/data/samples/breed-24-sample-03.png
breed-24-sample-04,24,Pomeranian,dog,validation,bad4154372249008e575e507cca06e860ff161be40755cc24027e2d472a2cf97,C:/JeanLoa/Path-AI-Engineer/Computer-Vision-Multimodal-AI-Edge-Optimization/19-image-classification-api/data/samples/breed-24-sample-04.png
breed-24-sample-05,24,Pomeranian,dog,validation,25db40a2a731b3eadbe41f3be1fe7885d454683ceda4fc0eb80eb0036c20fdd4,C:/JeanLoa/Path-AI-Engineer/Computer-Vision-Multimodal-AI-Edge-Optimization/19-image-classification-api/data/samples/breed-24-sample-05.png
breed-25-sample-00,25,Pug,dog,train,c8b9d131fd2e4d35dc8e20635736ea62af7aa44ab15dd793efc1cb7e138af8dc,C:/JeanLoa/Path-AI-Engineer/Computer-Vision-Multimodal-AI-Edge-Optimization/19-image-classification-api/data/samples/breed-25-sample-00.png
breed-25-sample-01,25,Pug,dog,train,ce6e98381c35c10225fe926407c5dcc011b81c6312c0509bc36bcc685d3e8388,C:/JeanLoa/Path-AI-Engineer/Computer-Vision-Multimodal-AI-Edge-Optimization/19-image-classification-api/data/samples/breed-25-sample-01.png
breed-25-sample-02,25,Pug,dog,train,fae3248f40c5faea534413e438b1e543143213fd822177d07ee83f4176d5e5bb,C:/JeanLoa/Path-AI-Engineer/Computer-Vision-Multimodal-AI-Edge-Optimization/19-image-classification-api/data/samples/breed-25-sample-02.png
breed-25-sample-03,25,Pug,dog,train,0dbf1de1c404387d43f17eb0c2d2b67de0edbdade620fb8571998732c231de8b,C:/JeanLoa/Path-AI-Engineer/Computer-Vision-Multimodal-AI-Edge-Optimization/19-image-classification-api/data/samples/breed-25-sample-03.png
breed-25-sample-04,25,Pug,dog,validation,0b3cf174a3bab6ee27c3098f01364faece69ffc3b766b99d4b3a1bf57fa7b32b,C:/JeanLoa/Path-AI-Engineer/Computer-Vision-Multimodal-AI-Edge-Optimization/19-image-classification-api/data/samples/breed-25-sample-04.png
breed-25-sample-05,25,Pug,dog,validation,67c30dd80d144f2529460253ffba30f945fa3f0c0e8acb065a09c99cd2792d13,C:/JeanLoa/Path-AI-Engineer/Computer-Vision-Multimodal-AI-Edge-Optimization/19-image-classification-api/data/samples/breed-25-sample-05.png
breed-26-sample-00,26,Ragdoll,cat,train,feb0b3c957f6f7d6324f8366eecdad4fa3996fc087a6720574808acda6a2cca7,C:/JeanLoa/Path-AI-Engineer/Computer-Vision-Multimodal-AI-Edge-Optimization/19-image-classification-api/data/samples/breed-26-sample-00.png
breed-26-sample-01,26,Ragdoll,cat,train,ebd5d0958f78737aa5449e7cad838c55e4cf31dca2f73981ed9011b47c5d4083,C:/JeanLoa/Path-AI-Engineer/Computer-Vision-Multimodal-AI-Edge-Optimization/19-image-classification-api/data/samples/breed-26-sample-01.png
breed-26-sample-02,26,Ragdoll,cat,train,737cca7645ec5a29647d7aea87363940d09de4a31dba160814dbb0b9af9a30d3,C:/JeanLoa/Path-AI-Engineer/Computer-Vision-Multimodal-AI-Edge-Optimization/19-image-classification-api/data/samples/breed-26-sample-02.png
breed-26-sample-03,26,Ragdoll,cat,train,1149849509ff0087cc46ffab92e9dc7cd4afd6cf1bcff4a9b9771275806056bd,C:/JeanLoa/Path-AI-Engineer/Computer-Vision-Multimodal-AI-Edge-Optimization/19-image-classification-api/data/samples/breed-26-sample-03.png
breed-26-sample-04,26,Ragdoll,cat,validation,625db011dda033b2374896dcc68430d58afdd3af654a3bc89f35b43ae05eb05a,C:/JeanLoa/Path-AI-Engineer/Computer-Vision-Multimodal-AI-Edge-Optimization/19-image-classification-api/data/samples/breed-26-sample-04.png
breed-26-sample-05,26,Ragdoll,cat,validation,13b112216b41ed40bef3bba4aab72bf322c1386dd6a85c13be3fecd9ab0f0bbc,C:/JeanLoa/Path-AI-Engineer/Computer-Vision-Multimodal-AI-Edge-Optimization/19-image-classification-api/data/samples/breed-26-sample-05.png
breed-27-sample-00,27,Russian Blue,cat,train,9ad2f98f61e760f9275810345be3d7a6e704de621b7f2d221b5aa5c1a040bcbe,C:/JeanLoa/Path-AI-Engineer/Computer-Vision-Multimodal-AI-Edge-Optimization/19-image-classification-api/data/samples/breed-27-sample-00.png
breed-27-sample-01,27,Russian Blue,cat,train,3813242a62f6a5746bc2292456d9f07afa10c9fdbd084715aa12af982396f504,C:/JeanLoa/Path-AI-Engineer/Computer-Vision-Multimodal-AI-Edge-Optimization/19-image-classification-api/data/samples/breed-27-sample-01.png
breed-27-sample-02,27,Russian Blue,cat,train,569736087a6a1c7bcebfd6426978974768a69ec1c972cfffa9dc1affa1ba5d07,C:/JeanLoa/Path-AI-Engineer/Computer-Vision-Multimodal-AI-Edge-Optimization/19-image-classification-api/data/samples/breed-27-sample-02.png
breed-27-sample-03,27,Russian Blue,cat,train,a25ba19d73ea2d7c5671414ce41d404ea030902545c3a721e5cc117659d839f2,C:/JeanLoa/Path-AI-Engineer/Computer-Vision-Multimodal-AI-Edge-Optimization/19-image-classification-api/data/samples/breed-27-sample-03.png
breed-27-sample-04,27,Russian Blue,cat,validation,96494a64a06e73e7fe0381524ee3da335ee40e9d45673004501824eabde5feab,C:/JeanLoa/Path-AI-Engineer/Computer-Vision-Multimodal-AI-Edge-Optimization/19-image-classification-api/data/samples/breed-27-sample-04.png
breed-27-sample-05,27,Russian Blue,cat,validation,4ffcd7500b318203774c1cbc254719904a92a2be83d12ed1de1e6c5efffd3166,C:/JeanLoa/Path-AI-Engineer/Computer-Vision-Multimodal-AI-Edge-Optimization/19-image-classification-api/data/samples/breed-27-sample-05.png
breed-28-sample-00,28,Saint Bernard,dog,train,d51f20cd708382c5b3cbd73acdd2143ef1833bf4913e757c2626f8939a3f7b15,C:/JeanLoa/Path-AI-Engineer/Computer-Vision-Multimodal-AI-Edge-Optimization/19-image-classification-api/data/samples/breed-28-sample-00.png
breed-28-sample-01,28,Saint Bernard,dog,train,a9973f8441573d4992bd28cf08caa653b3360aea4a90943af082a111bb9db6b0,C:/JeanLoa/Path-AI-Engineer/Computer-Vision-Multimodal-AI-Edge-Optimization/19-image-classification-api/data/samples/breed-28-sample-01.png
breed-28-sample-02,28,Saint Bernard,dog,train,e21eb8b507d8647dfebd68e5f19fb35f5b26152d77166f1e20768c0174542227,C:/JeanLoa/Path-AI-Engineer/Computer-Vision-Multimodal-AI-Edge-Optimization/19-image-classification-api/data/samples/breed-28-sample-02.png
breed-28-sample-03,28,Saint Bernard,dog,train,ea127810018c82806b6a4fbbffc175eef9b3afc8a137604c3c44441eb98425f6,C:/JeanLoa/Path-AI-Engineer/Computer-Vision-Multimodal-AI-Edge-Optimization/19-image-classification-api/data/samples/breed-28-sample-03.png
breed-28-sample-04,28,Saint Bernard,dog,validation,ab6cb0d6d59bca76cb586460a9b0dc904e119c9635f15673bd8aeb39813992c5,C:/JeanLoa/Path-AI-Engineer/Computer-Vision-Multimodal-AI-Edge-Optimization/19-image-classification-api/data/samples/breed-28-sample-04.png
breed-28-sample-05,28,Saint Bernard,dog,validation,916d82d9282f2ef807cfe777c2a598bd3433356bce559dfa91bbeb2ef9cbc19b,C:/JeanLoa/Path-AI-Engineer/Computer-Vision-Multimodal-AI-Edge-Optimization/19-image-classification-api/data/samples/breed-28-sample-05.png
breed-29-sample-00,29,Samoyed,dog,train,4e6b7b5bd8d521b3fd25366687277db03abe95a6545d7d389610cf09e667cd1a,C:/JeanLoa/Path-AI-Engineer/Computer-Vision-Multimodal-AI-Edge-Optimization/19-image-classification-api/data/samples/breed-29-sample-00.png
breed-29-sample-01,29,Samoyed,dog,train,cfbfc10572b08bb94bc2e57f1dadc428fc86d862ec8d09a738b038e8cf9be5ce,C:/JeanLoa/Path-AI-Engineer/Computer-Vision-Multimodal-AI-Edge-Optimization/19-image-classification-api/data/samples/breed-29-sample-01.png
breed-29-sample-02,29,Samoyed,dog,train,190007a0a850d132d780085597748ddece56a0d2959f1bee4591c29a42c8f821,C:/JeanLoa/Path-AI-Engineer/Computer-Vision-Multimodal-AI-Edge-Optimization/19-image-classification-api/data/samples/breed-29-sample-02.png
breed-29-sample-03,29,Samoyed,dog,train,6339af44708ecdbb35b35cb2a7306f4f5434489883bd9322d3ea63440b153061,C:/JeanLoa/Path-AI-Engineer/Computer-Vision-Multimodal-AI-Edge-Optimization/19-image-classification-api/data/samples/breed-29-sample-03.png
breed-29-sample-04,29,Samoyed,dog,validation,b3f06fa32dddf5c4ef0911ef66c9a2c02bd5869a9202574522c0a5e35fc4ebf8,C:/JeanLoa/Path-AI-Engineer/Computer-Vision-Multimodal-AI-Edge-Optimization/19-image-classification-api/data/samples/breed-29-sample-04.png
breed-29-sample-05,29,Samoyed,dog,validation,dc74d235abcf9b70f2aea1ccce16ebc4de6574eff1670687d5fca8bd4a6ad5a2,C:/JeanLoa/Path-AI-Engineer/Computer-Vision-Multimodal-AI-Edge-Optimization/19-image-classification-api/data/samples/breed-29-sample-05.png
breed-30-sample-00,30,Scottish Terrier,dog,train,df528c16b5838c4cf5ddbda011944ccd0d697e870d76f049ca700cb951dd3d64,C:/JeanLoa/Path-AI-Engineer/Computer-Vision-Multimodal-AI-Edge-Optimization/19-image-classification-api/data/samples/breed-30-sample-00.png
breed-30-sample-01,30,Scottish Terrier,dog,train,c82fdf63780cd7055a82150b6ec54408472cc49ed49a3110fa70c58142b5b7e6,C:/JeanLoa/Path-AI-Engineer/Computer-Vision-Multimodal-AI-Edge-Optimization/19-image-classification-api/data/samples/breed-30-sample-01.png
breed-30-sample-02,30,Scottish Terrier,dog,train,285cfc4f34e9f97981660f41c9480de86b2a62e92ff966a9efc232c48494170a,C:/JeanLoa/Path-AI-Engineer/Computer-Vision-Multimodal-AI-Edge-Optimization/19-image-classification-api/data/samples/breed-30-sample-02.png
breed-30-sample-03,30,Scottish Terrier,dog,train,0328b2866c77df4c50a3e2a43bbd13b8aced2c1f5717bddc63f286b52bd531b2,C:/JeanLoa/Path-AI-Engineer/Computer-Vision-Multimodal-AI-Edge-Optimization/19-image-classification-api/data/samples/breed-30-sample-03.png
breed-30-sample-04,30,Scottish Terrier,dog,validation,5274ca414e68c90313c730927206bc959520d847b13989fcd6a6116f93a09d34,C:/JeanLoa/Path-AI-Engineer/Computer-Vision-Multimodal-AI-Edge-Optimization/19-image-classification-api/data/samples/breed-30-sample-04.png
breed-30-sample-05,30,Scottish Terrier,dog,validation,82600771aff2cabd35eab2df82abf40d21d9018c1d4db7f1347bb42f2bd4e310,C:/JeanLoa/Path-AI-Engineer/Computer-Vision-Multimodal-AI-Edge-Optimization/19-image-classification-api/data/samples/breed-30-sample-05.png
breed-31-sample-00,31,Shiba Inu,dog,train,8af0b4c20e2c47ddde3fc378cc06395a5f3b10de69e5968f298796ccd10833a2,C:/JeanLoa/Path-AI-Engineer/Computer-Vision-Multimodal-AI-Edge-Optimization/19-image-classification-api/data/samples/breed-31-sample-00.png
breed-31-sample-01,31,Shiba Inu,dog,train,6c7516f0b904971fea0fd5d43265f5d29cc0be48ca41962b73f00ee10a45fca3,C:/JeanLoa/Path-AI-Engineer/Computer-Vision-Multimodal-AI-Edge-Optimization/19-image-classification-api/data/samples/breed-31-sample-01.png
breed-31-sample-02,31,Shiba Inu,dog,train,f5c5823e512271ab0bd71e5483439ca13151995c887a5b9966e229e7a47f9439,C:/JeanLoa/Path-AI-Engineer/Computer-Vision-Multimodal-AI-Edge-Optimization/19-image-classification-api/data/samples/breed-31-sample-02.png
breed-31-sample-03,31,Shiba Inu,dog,train,83cc7b7d48e32ccb174a43f76e078778c9c5e126b2310f09fe10bb7488b1ef90,C:/JeanLoa/Path-AI-Engineer/Computer-Vision-Multimodal-AI-Edge-Optimization/19-image-classification-api/data/samples/breed-31-sample-03.png
breed-31-sample-04,31,Shiba Inu,dog,validation,6d260dae1df528d81e3511ce8b501302f99324b6f8ede1a7b8169f8f4ffba299,C:/JeanLoa/Path-AI-Engineer/Computer-Vision-Multimodal-AI-Edge-Optimization/19-image-classification-api/data/samples/breed-31-sample-04.png
breed-31-sample-05,31,Shiba Inu,dog,validation,2cbd0ea64024dcdc86da10ace609c541088b1f47701bafd289d3e9ff88870eaf,C:/JeanLoa/Path-AI-Engineer/Computer-Vision-Multimodal-AI-Edge-Optimization/19-image-classification-api/data/samples/breed-31-sample-05.png
breed-32-sample-00,32,Siamese,cat,train,c220bdeb4086852fba3303122e5a54c17200872996c8eab68e4eb70edc51d5dd,C:/JeanLoa/Path-AI-Engineer/Computer-Vision-Multimodal-AI-Edge-Optimization/19-image-classification-api/data/samples/breed-32-sample-00.png
breed-32-sample-01,32,Siamese,cat,train,ee56a325a275d3b54ffde7d01356d36eaf7cb668e6949cb85d7f138086d5d903,C:/JeanLoa/Path-AI-Engineer/Computer-Vision-Multimodal-AI-Edge-Optimization/19-image-classification-api/data/samples/breed-32-sample-01.png
breed-32-sample-02,32,Siamese,cat,train,c71ff8ed236cc4d83b3852fc6aa23e0659f8718ecf75cb6026532767c9d41cd6,C:/JeanLoa/Path-AI-Engineer/Computer-Vision-Multimodal-AI-Edge-Optimization/19-image-classification-api/data/samples/breed-32-sample-02.png
breed-32-sample-03,32,Siamese,cat,train,5ffc2337b22128e0b19aacbadb171e4edb878f0742ca8e28beed6d1f4d420a85,C:/JeanLoa/Path-AI-Engineer/Computer-Vision-Multimodal-AI-Edge-Optimization/19-image-classification-api/data/samples/breed-32-sample-03.png
breed-32-sample-04,32,Siamese,cat,validation,5300c327dfc9fcbe6265248f5dbffab5c4a8a1f70c9219ff7cd0fdd0753d5301,C:/JeanLoa/Path-AI-Engineer/Computer-Vision-Multimodal-AI-Edge-Optimization/19-image-classification-api/data/samples/breed-32-sample-04.png
breed-32-sample-05,32,Siamese,cat,validation,b2122206698921c693ca97ebeb3c5fa0d67f870ddec5064ee935f8d8fa689872,C:/JeanLoa/Path-AI-Engineer/Computer-Vision-Multimodal-AI-Edge-Optimization/19-image-classification-api/data/samples/breed-32-sample-05.png
breed-33-sample-00,33,Sphynx,cat,train,21066aa510dead707140cd724d16172d00f38619193d47bc13d851a0892e4a76,C:/JeanLoa/Path-AI-Engineer/Computer-Vision-Multimodal-AI-Edge-Optimization/19-image-classification-api/data/samples/breed-33-sample-00.png
breed-33-sample-01,33,Sphynx,cat,train,a72bf7291452a2654a524442b50f2e74d7c802c44904d6cc5a0da762d24cf667,C:/JeanLoa/Path-AI-Engineer/Computer-Vision-Multimodal-AI-Edge-Optimization/19-image-classification-api/data/samples/breed-33-sample-01.png
breed-33-sample-02,33,Sphynx,cat,train,03641809b33a32d4a4e80617549f67bdfd409037152ae560033529422013a70b,C:/JeanLoa/Path-AI-Engineer/Computer-Vision-Multimodal-AI-Edge-Optimization/19-image-classification-api/data/samples/breed-33-sample-02.png
breed-33-sample-03,33,Sphynx,cat,train,b5bae4d10b18b93d13d3cc407be7cd04d34e5b7a2f06c8cd9171cf4a4b4e5bff,C:/JeanLoa/Path-AI-Engineer/Computer-Vision-Multimodal-AI-Edge-Optimization/19-image-classification-api/data/samples/breed-33-sample-03.png
breed-33-sample-04,33,Sphynx,cat,validation,905e9e4e5f593b27a34a257d2b22bbc277ef8e95de39eb9ac77ef3249c8cb11a,C:/JeanLoa/Path-AI-Engineer/Computer-Vision-Multimodal-AI-Edge-Optimization/19-image-classification-api/data/samples/breed-33-sample-04.png
breed-33-sample-05,33,Sphynx,cat,validation,70b9a2314a5daa2a8d252c0ada62aa32ff215ba6b7c921afe788b2897c7ec74b,C:/JeanLoa/Path-AI-Engineer/Computer-Vision-Multimodal-AI-Edge-Optimization/19-image-classification-api/data/samples/breed-33-sample-05.png
breed-34-sample-00,34,Staffordshire Bull Terrier,dog,train,161e8f65db7faa9296ea1890e3554186da3ea3e55d7f2c1c63ce79525a0332af,C:/JeanLoa/Path-AI-Engineer/Computer-Vision-Multimodal-AI-Edge-Optimization/19-image-classification-api/data/samples/breed-34-sample-00.png
breed-34-sample-01,34,Staffordshire Bull Terrier,dog,train,f154fa8a816f17e33300f59e0e765cf8a637a6cbf99f5333ad5dfbafe04ff9d2,C:/JeanLoa/Path-AI-Engineer/Computer-Vision-Multimodal-AI-Edge-Optimization/19-image-classification-api/data/samples/breed-34-sample-01.png
breed-34-sample-02,34,Staffordshire Bull Terrier,dog,train,e45c7bd7a70dbd5787322e60d72c84f50aae88a3543f214a0700eb7973e05b57,C:/JeanLoa/Path-AI-Engineer/Computer-Vision-Multimodal-AI-Edge-Optimization/19-image-classification-api/data/samples/breed-34-sample-02.png
breed-34-sample-03,34,Staffordshire Bull Terrier,dog,train,e46eea558d1e8afb197e617df17b901d0f8e7bc4bcbb2c3e1e7b124ea91f3ae8,C:/JeanLoa/Path-AI-Engineer/Computer-Vision-Multimodal-AI-Edge-Optimization/19-image-classification-api/data/samples/breed-34-sample-03.png
breed-34-sample-04,34,Staffordshire Bull Terrier,dog,validation,9814e3326d248e75bb159265fd61aa7a81a0a60a0e78b9c053ec4d572ba2a2c2,C:/JeanLoa/Path-AI-Engineer/Computer-Vision-Multimodal-AI-Edge-Optimization/19-image-classification-api/data/samples/breed-34-sample-04.png
breed-34-sample-05,34,Staffordshire Bull Terrier,dog,validation,bda60401c02eaa2b0c906cf0a1fc1adc6b0ff1a200c09b334c9425d494f4415c,C:/JeanLoa/Path-AI-Engineer/Computer-Vision-Multimodal-AI-Edge-Optimization/19-image-classification-api/data/samples/breed-34-sample-05.png
breed-35-sample-00,35,Wheaten Terrier,dog,train,90ba74e7e5c50d1270ed015887929174cc2023308f0b23c1639120e07982e2ed,C:/JeanLoa/Path-AI-Engineer/Computer-Vision-Multimodal-AI-Edge-Optimization/19-image-classification-api/data/samples/breed-35-sample-00.png
breed-35-sample-01,35,Wheaten Terrier,dog,train,2cc24aaf6029ab5877a626fb55d9b5cf210953448a8132f4d330c0cdf20f5641,C:/JeanLoa/Path-AI-Engineer/Computer-Vision-Multimodal-AI-Edge-Optimization/19-image-classification-api/data/samples/breed-35-sample-01.png
breed-35-sample-02,35,Wheaten Terrier,dog,train,cee260492969e10825c1c30597a4137a2b10b7497821a3de22fb43000cd1288b,C:/JeanLoa/Path-AI-Engineer/Computer-Vision-Multimodal-AI-Edge-Optimization/19-image-classification-api/data/samples/breed-35-sample-02.png
breed-35-sample-03,35,Wheaten Terrier,dog,train,88ead22084b2640bbffcc09d120ecb3097c07ee80f50ac6876678eb23861c969,C:/JeanLoa/Path-AI-Engineer/Computer-Vision-Multimodal-AI-Edge-Optimization/19-image-classification-api/data/samples/breed-35-sample-03.png
breed-35-sample-04,35,Wheaten Terrier,dog,validation,bde919e8c6a25b09b1a57faff4de19a71e3099ff5e3e3f08f8c99b4fd1c662ef,C:/JeanLoa/Path-AI-Engineer/Computer-Vision-Multimodal-AI-Edge-Optimization/19-image-classification-api/data/samples/breed-35-sample-04.png
breed-35-sample-05,35,Wheaten Terrier,dog,validation,9870c77bc878a6c7e1c7ffb7e0509e306b810bf0fbb8c6f17fc04599979d3406,C:/JeanLoa/Path-AI-Engineer/Computer-Vision-Multimodal-AI-Edge-Optimization/19-image-classification-api/data/samples/breed-35-sample-05.png
breed-36-sample-00,36,Yorkshire Terrier,dog,train,d2b5e3c7340761bb97f8f1f677dc310e7ce0e0171d6c6adac80343c2d7f7f310,C:/JeanLoa/Path-AI-Engineer/Computer-Vision-Multimodal-AI-Edge-Optimization/19-image-classification-api/data/samples/breed-36-sample-00.png
breed-36-sample-01,36,Yorkshire Terrier,dog,train,905573c42244c0b642efd8f845aa5b77f16951b0c37619826c2c6811788db26b,C:/JeanLoa/Path-AI-Engineer/Computer-Vision-Multimodal-AI-Edge-Optimization/19-image-classification-api/data/samples/breed-36-sample-01.png
breed-36-sample-02,36,Yorkshire Terrier,dog,train,e65c1018e451a03b7d297322b52db485af61bed58c44a098466719128f72198d,C:/JeanLoa/Path-AI-Engineer/Computer-Vision-Multimodal-AI-Edge-Optimization/19-image-classification-api/data/samples/breed-36-sample-02.png
breed-36-sample-03,36,Yorkshire Terrier,dog,train,e49d14814c48697b536d487f9be8c9dfa05de2989a64d9c96a50abcfacf51235,C:/JeanLoa/Path-AI-Engineer/Computer-Vision-Multimodal-AI-Edge-Optimization/19-image-classification-api/data/samples/breed-36-sample-03.png
breed-36-sample-04,36,Yorkshire Terrier,dog,validation,528a5fb14ebdaad2ae231c27d95c4b02138cedf069e411c277314ba9d1b9ef41,C:/JeanLoa/Path-AI-Engineer/Computer-Vision-Multimodal-AI-Edge-Optimization/19-image-classification-api/data/samples/breed-36-sample-04.png
breed-36-sample-05,36,Yorkshire Terrier,dog,validation,1690598d7d97b37c3bda9d3812a7dc623c4f11945f15e29da07cfed0bdda6f52,C:/JeanLoa/Path-AI-Engineer/Computer-Vision-Multimodal-AI-Edge-Optimization/19-image-classification-api/data/samples/breed-36-sample-05.png
